ID,Name,Glottocode,Glottolog_Name,ISO639P3code,Macroarea,Latitude,Longitude,Family
northeuralex-fin,Finnish,finn1318,Finnish,fin,Eurasia,61.00,24.45,Uralic
northeuralex-krl,North Karelian,kare1335,Karelian,krl,Eurasia,65.17,30.87,Uralic
northeuralex-olo,Olonets Karelian,livv1243,Livvi,olo,Eurasia,61.00,33.00,Uralic
northeuralex-vep,Veps,veps1250,Veps,vep,Eurasia,60.34,34.79,Uralic
northeuralex-ekk,Estonian,esto1258,Estonian,ekk,Eurasia,59.25,24.75,Uralic
northeuralex-liv,Livonian,livv1244,Liv,liv,Eurasia,57.57,22.03,Uralic
northeuralex-sma,Southern Sami,sout2674,South Saami,sma,Eurasia,64.25,12.60,Uralic
northeuralex-smj,Lule Sami,lule1254,Lule Saami,smj,Eurasia,67.28,17.81,Uralic
northeuralex-sme,Northern Sami,nort2671,North Saami,sme,Eurasia,68.72,22.11,Uralic
northeuralex-smn,Inari Sami,inar1241,Inari Saami,smn,Eurasia,69.42,27.87,Uralic
northeuralex-sms,Skolt Sami,skol1241,Skolt Saami,sms,Eurasia,68.83,29.72,Uralic
northeuralex-sjd,Kildin Sami,kild1236,Kildin Saami,sjd,Eurasia,68.22,35.83,Uralic
northeuralex-mrj,Hill Mari,west2392,Western Mari,mrj,Eurasia,56.33,46.33,Uralic
northeuralex-mhr,Meadow Mari,east2328,Eastern Mari,mhr,Eurasia,57.00,49.50,Uralic
northeuralex-mdf,Moksha,moks1248,Moksha,mdf,Eurasia,54.19,42.67,Uralic
northeuralex-myv,Erzya,erzy1239,Erzya,myv,Eurasia,53.00,45.50,Uralic
northeuralex-udm,Udmurt,udmu1245,Udmurt,udm,Eurasia,56.13,52.64,Uralic
northeuralex-koi,Komi-Permyak,komi1269,Komi-Permyak,koi,Eurasia,59.66,54.80,Uralic
northeuralex-kpv,Komi-Zyrian,komi1268,Komi-Zyrian,kpv,Eurasia,64.05,54.95,Uralic
northeuralex-hun,Hungarian,hung1274,Hungarian,hun,Eurasia,46.91,19.66,Uralic
northeuralex-kca,Northern Khanty,khan1273,Kazym-Berezover-Suryskarer Khanty,kca,Eurasia,62.43,66.12,Uralic
northeuralex-mns,Northern Mansi,mans1258,Northern Mansi,mns,Eurasia,64.41,61.34,Uralic
northeuralex-sel,Northern Selkup,selk1253,Selkup,sel,Eurasia,59.94,82.30,Uralic
northeuralex-yrk,Tundra Nenets,nene1249,Tundra Nenets,yrk,Eurasia,66.18,71.02,Uralic
northeuralex-enf,Forest Enets,fore1265,Forest Enets,enf,Eurasia,69.98,88.21,Uralic
northeuralex-nio,Nganasan,ngan1291,Nganasan,nio,Eurasia,73.14,86.21,Uralic
northeuralex-ben,Bengali,beng1280,Bengali,ben,Eurasia,24.00,90.00,Indo-European
northeuralex-hin,Hindi,hind1269,Hindi,hin,Eurasia,27.20,78.00,Indo-European
northeuralex-pbu,Northern Pashto,nort2646,Northern Pashto,pbu,Eurasia,32.10,67.20,Indo-European
northeuralex-pes,Western Farsi,west2369,Western Farsi,pes,Eurasia,28.66,55.16,Indo-European
northeuralex-kmr,Northern Kurdish,nort2641,Northern Kurdish,kmr,Eurasia,37.00,43.00,Indo-European
northeuralex-oss,Ossetian,osse1243,Modern Ossetic,,Eurasia,43.18,44.23,Indo-European
northeuralex-hye,Armenian,nucl1235,Eastern Armenian,hye,Eurasia,40.00,45.00,Indo-European
northeuralex-ell,Modern Greek,mode1248,Modern Greek,ell,Eurasia,38.00,23.75,Indo-European
northeuralex-sqi,Standard Albanian,alba1267,Albanian,sqi,Eurasia,41.33,19.85,Indo-European
northeuralex-bul,Bulgarian,bulg1262,Bulgarian,bul,Eurasia,42.70,23.80,Indo-European
northeuralex-hrv,Croatian,croa1245,Croatian Standard,hrv,Eurasia,45.20,16.83,Indo-European
northeuralex-slv,Slovene,slov1268,Slovenian,slv,Eurasia,46.25,14.78,Indo-European
northeuralex-slk,Slovak,slov1269,Slovak,slk,Eurasia,48.55,18.78,Indo-European
northeuralex-ces,Czech,czec1258,Czech,ces,Eurasia,49.87,15.10,Indo-European
northeuralex-pol,Polish,poli1260,Polish,pol,Eurasia,51.84,18.63,Indo-European
northeuralex-ukr,Ukrainian,ukra1253,Ukrainian,ukr,Eurasia,50.25,28.65,Indo-European
northeuralex-bel,Belarusian,bela1254,Belarusian,bel,Eurasia,53.23,25.60,Indo-European
northeuralex-rus,Russian,russ1263,Russian,rus,Eurasia,57.60,39.80,Indo-European
northeuralex-lit,Lithuanian,lith1251,Lithuanian,lit,Eurasia,55.14,23.96,Indo-European
northeuralex-lav,Latvian,latv1249,Latvian,lav,Eurasia,56.83,24.31,Indo-European
northeuralex-isl,Icelandic,icel1247,Icelandic,isl,Eurasia,63.48,-19.02,Indo-European
northeuralex-nor,Norwegian (Bokmål),norw1258,Norwegian,nor,Eurasia,59.92,10.71,Indo-European
northeuralex-swe,Swedish,swed1254,Swedish,swe,Eurasia,59.80,17.39,Indo-European
northeuralex-dan,Danish,dani1285,Danish,dan,Eurasia,55.60,12.50,Indo-European
northeuralex-deu,German,stan1295,German,deu,Eurasia,52.27,10.50,Indo-European
northeuralex-nld,Dutch,dutc1256,Dutch,nld,Eurasia,52.00,5.00,Indo-European
northeuralex-eng,English,stan1293,English,eng,Eurasia,53.00,-1.00,Indo-European
northeuralex-gle,Irish,iris1253,Irish,gle,Eurasia,53.22,-7.62,Indo-European
northeuralex-cym,Welsh,wels1247,Welsh,cym,Eurasia,52.00,-4.00,Indo-European
northeuralex-bre,Breton,bret1244,Breton,bre,Eurasia,48.25,-3.79,Indo-European
northeuralex-lat,Latin,lati1261,Latin,lat,Eurasia,41.90,12.45,Indo-European
northeuralex-fra,French,stan1290,French,fra,Eurasia,48.00,2.00,Indo-European
northeuralex-cat,Catalan,stan1289,Catalan,cat,Eurasia,41.45,1.57,Indo-European
northeuralex-spa,Spanish,stan1288,Spanish,spa,Eurasia,42.25,-3.70,Indo-European
northeuralex-por,Portuguese,port1283,Portuguese,por,Eurasia,39.91,-8.10,Indo-European
northeuralex-ita,Italian,ital1282,Italian,ita,Eurasia,43.05,12.65,Indo-European
northeuralex-ron,Romanian,roma1327,Romanian,ron,Eurasia,46.39,24.23,Indo-European
northeuralex-arb,Standard Arabic,stan1318,Standard Arabic,arb,Eurasia,27.96,43.85,Afro-Asiatic
northeuralex-heb,Modern Hebrew,hebr1245,Modern Hebrew,heb,Eurasia,31.11,35.02,Afro-Asiatic
northeuralex-cmn,Mandarin Chinese,mand1415,Mandarin Chinese,cmn,Eurasia,40.02,116.23,Sino-Tibetan
chenhmongmien-EasternLuobuohe,"Luobuohe, Eastern",luop1235,Luopohe Hmong,hml,Eurasia,26.63966,107.913354,Hmong-Mien
chenhmongmien-WesternLuobuohe,"Luobuohe, Western",luop1235,Luopohe Hmong,hml,Eurasia,26.854607,107.226676,Hmong-Mien
chenhmongmien-Chuanqiandian,Chuanqiandian,chua1248,Chuanqiandian,,,27.51846,105.421028,Hmong-Mien
chenhmongmien-CentralGuizhouChuanqiandian,"Chuanqiandian, Central Guizhou",nort2749,Northern Huishui Hmong,hmi,Eurasia,26.231562,106.861969,Hmong-Mien
chenhmongmien-SouthernGuizhouChuanqiandian,"Chuanqiandian, Southern Guizhou",cent1394,Central Mashan Hmong,hmm,Eurasia,25.586343,106.323467,Hmong-Mien
chenhmongmien-NortheastYunnanChuanqiandian,"Chuanqiandian, Northeast Yunnan",larg1235,Diandongbei-Large Flowery Miao,hmd,Eurasia,27.096059,103.698607,Hmong-Mien
chenhmongmien-WesternXiangxi,"Xiangxi, West",west2430,Western Xiangxi Miao,mmr,Eurasia,28.33212,109.422366,Hmong-Mien
chenhmongmien-EasternXiangxi,"Xiangxi, East",east2371,Eastern Xiangxi Miao,muq,Eurasia,28.124036,109.890473,Hmong-Mien
chenhmongmien-NorthernQiandong,"Qiandong, North",nort2747,Northern Qiandong Miao,hea,Eurasia,26.68993,108.401145,Hmong-Mien
chenhmongmien-EasternQiandong,"Qiandong, East",east2370,Eastern Qiandong Miao,hmq,Eurasia,27.78098,110.499463,Hmong-Mien
chenhmongmien-SouthernQiandong,"Qiandong, South",sout2754,Southern Qiandong Miao,hms,Eurasia,25.520166,108.779365,Hmong-Mien
chenhmongmien-WesternQiandong,"Qiandong, West",,,,,26.43106,107.68758,Hmong-Mien
chenhmongmien-WesternBaheng,"Baheng, West",pahn1237,Pa-Hng,pha,Eurasia,25.74971,109.286281,Hmong-Mien
chenhmongmien-EasternBaheng,"Baheng, East",pahn1237,Pa-Hng,pha,Eurasia,27.11733,111.02615,Hmong-Mien
chenhmongmien-Dongnu,Dongnu,dong1287,Dongnu,,Eurasia,24.201523,107.957327,Hmong-Mien
chenhmongmien-Nunu,Nunu,nunu1247,Nunu,,Eurasia,24.232341,107.194266,Hmong-Mien
chenhmongmien-Numao,Numao,numa1251,Numao,,Eurasia,25.447767,108.064732,Hmong-Mien
chenhmongmien-Bana,Bana,pana1310,Pa Na,,Eurasia,26.265147,110.096902,Hmong-Mien
chenhmongmien-Younuo,Younuo,youn1235,Younuo Bunu,buh,Eurasia,25.730893,110.115975,Hmong-Mien
chenhmongmien-She,She,shee1238,She,shx,Eurasia,26.264261,110.096988,Hmong-Mien
chenhmongmien-Jiongnai,Jiongnai,jion1236,Jiongnai Bunu,pnu,Eurasia,24.071002,110.105752,Hmong-Mien
chenhmongmien-Mien,Mien,iumi1238,Iu Mien,ium,Eurasia,24.172823,110.054488,Hmong-Mien
chenhmongmien-KimMun,Kim Mun,kimm1245,Kim Mun,mji,Eurasia,18.955781,109.86012,Hmong-Mien
chenhmongmien-BiaoMin,Biao Min,biao1254,Biao-Jiao Mien,bje,Eurasia,25.82286,111.29622,Hmong-Mien
chenhmongmien-ZaoMin,Zao Min,dzao1238,Dzao Min,bpn,Eurasia,24.612303,112.266749,Hmong-Mien
kraftchadic-Angas,Angas,ngas1240,Ngas,anc,Africa,9.32042,9.46146,Afro-Asiatic
kraftchadic-Ankwe,Ankwe,goem1240,Goemai,ank,Africa,8.74455,9.72453,Afro-Asiatic
kraftchadic-Bacama,Bacama,baca1246,Bacama,bcy,Africa,9.53072,12.0416,Afro-Asiatic
kraftchadic-Bade,Bade,bade1248,Bade,bde,Africa,12.789,10.6557,Afro-Asiatic
kraftchadic-Banana,Banana,masa1322,Masana,mcn,Africa,10.0606,15.4748,Afro-Asiatic
kraftchadic-Bananamouseye,Banana (Mouseye),muse1242,Musey,mse,Africa,9.81612,15.4115,Afro-Asiatic
kraftchadic-Bankala,Bankala,bank1257,Bankal,,Africa,,,Atlantic-Congo
kraftchadic-Boka,Boka,boga1251,Boga,bvw,Africa,10.188,12.936,Afro-Asiatic
kraftchadic-Bolewa,Bole(wa),nucl1695,Bole,bol,Africa,11.4839,11.2322,Afro-Asiatic
kraftchadic-Buli,Buli,polc1243,Polci,plj,Africa,10.0258,9.53362,Afro-Asiatic
kraftchadic-Bura,Bura,bura1292,Bura-Pabir,bwr,Africa,10.4822,12.3007,Afro-Asiatic
kraftchadic-Burma,Burma,bogh1241,Boghom,bux,Africa,9.49679,10.11454,Afro-Asiatic
kraftchadic-Cibak,Cibak,ciba1236,Cibak,ckl,Africa,10.8977,12.902,Afro-Asiatic
kraftchadic-Cip,Cip,mish1244,Miship,mjs,Africa,9.20477,9.33752,Afro-Asiatic
kraftchadic-Daba,Daba,nucl1683,Daba,dbq,Africa,10.3521,13.6318,Afro-Asiatic
kraftchadic-Dera,Dera,dera1248,Dera (Nigeria),kna,Africa,10.072,12.0256,Afro-Asiatic
kraftchadic-Dira,Dira,diri1259,Diri,dwa,Africa,11.1701,9.32363,Afro-Asiatic
kraftchadic-Dwot,Dwot,dass1243,Dass,dot,Africa,9.9325,9.51838,Afro-Asiatic
kraftchadic-Faligili,Fali Gili,bana1305,Bana,bcw,Africa,10.3535,13.6131,Afro-Asiatic
kraftchadic-Falijilbu,Fali Jilbu,zizi1238,Zizilivakan,ziz,Africa,10.4689,13.5233,Afro-Asiatic
kraftchadic-Falikiria,Fali Kiria,kiry1234,Kirya-Konzel,fkk,Africa,10.48,13.36,Afro-Asiatic
kraftchadic-Falimucella,Fali Mucella,gude1246,Gude,gde,Africa,10.2138,13.403,Afro-Asiatic
kraftchadic-Faliwagira,Fali Ɓwagira,fali1285,Fali,fli,Africa,10.5419,13.4087,Afro-Asiatic
kraftchadic-Gaanda,Ga?anda,gaan1243,Ga'anda,gqa,Africa,10.2955,12.6479,Afro-Asiatic
kraftchadic-Gava,Gava,gudu1252,Guduf-Gava,gdf,Africa,11.1057,13.7893,Afro-Asiatic
kraftchadic-Geji,Geji,geji1246,Geji,gji,Africa,10.3478,9.64965,Afro-Asiatic
kraftchadic-Gera,Gera,gera1246,Gera,gew,Africa,10.4331,10.12,Afro-Asiatic
kraftchadic-Gude,Gude,gude1246,Gude,gde,Africa,10.2138,13.403,Afro-Asiatic
kraftchadic-Gudu,Gudu,gudu1250,Gudu,gdu,Africa,10.1206,12.5359,Afro-Asiatic
kraftchadic-Gabin,Gábin,gaan1243,Ga'anda,gqa,Africa,10.2955,12.6479,Afro-Asiatic
kraftchadic-Glvda,Gələvda,glav1244,Glavda,glw,Africa,11.1334,13.8652,Afro-Asiatic
kraftchadic-Hausa,Hausa,haus1257,Hausa,hau,Africa,11.1513,8.7804,Afro-Asiatic
kraftchadic-Higibaza,Higi Baza,kamw1239,Kamwe,hig,Africa,10.646,13.5136,Afro-Asiatic
kraftchadic-Higifutu,Higi Futu,kamw1239,Kamwe,hig,Africa,10.646,13.5136,Afro-Asiatic
kraftchadic-Higighye,Higi Ghye,hyaa1239,Hya,hya,Africa,10.4814,13.526,Afro-Asiatic
kraftchadic-Higikamale,Higi Kamale,psik1239,Psikye,kvj,Africa,10.677,13.569,Afro-Asiatic
kraftchadic-Higinkafa,Higi Nkafa,kamw1239,Kamwe,hig,Africa,10.646,13.5136,Afro-Asiatic
kraftchadic-Hildi,Hildi,marg1266,Marghi South,mfm,Africa,10.53854,12.99521,Afro-Asiatic
kraftchadic-Hwona,Hwona,hwan1240,Hwana,hwo,Africa,10.3633,12.7683,Afro-Asiatic
kraftchadic-Jaku,Jaku,labi1245,Labir,jku,Africa,10.4847,9.59527,Atlantic-Congo
kraftchadic-Jari,Jari,daga1272,Dagaari Dioula,dgd,Africa,11.6839,-2.48569,Atlantic-Congo
kraftchadic-Karekare,Karekare,kare1348,Karekare,kai,Africa,12.5176,10.8732,Afro-Asiatic
kraftchadic-Kilba,Kilba,huba1236,Huba,hbb,Africa,10.3544,13.139,Afro-Asiatic
kraftchadic-Lame,Lame,lame1257,Lame,bma,Africa,10.7229,8.78768,Atlantic-Congo
kraftchadic-Lamepeve,Lame (Peve),peve1243,Peve,lme,Africa,9.16111,14.441,Afro-Asiatic
kraftchadic-Mandara,Mandara,wand1278,Wandala,mfi,Africa,11.3169,13.8996,Afro-Asiatic
kraftchadic-Margi,Margi,marg1265,Marghi Central,mrt,Africa,10.93854,13.0521,Afro-Asiatic
kraftchadic-Massa,Massa,masa1322,Masana,mcn,Africa,10.0606,15.4748,Afro-Asiatic
kraftchadic-Matakam,Matakam,mafa1239,Mafa,maf,Africa,10.943,13.8181,Afro-Asiatic
kraftchadic-Mismezime,Misme (Zime),mesm1239,Mesme,zim,Africa,9.28888,15.7018,Afro-Asiatic
kraftchadic-Miya,Miya,miya1266,Miya,mkf,Africa,10.9234,9.71505,Afro-Asiatic
kraftchadic-Mwulyen,Mwulyen,bata1314,Bata,bta,Africa,9.68091,12.677,Afro-Asiatic
kraftchadic-Nakatsa,Nakatsa,cine1238,Cineni,cie,Africa,11.1319,13.8187,Afro-Asiatic
kraftchadic-Ngamo,Ngamo,ngam1282,Ngamo,nbh,Africa,12.0048,11.2108,Afro-Asiatic
kraftchadic-Ngizim,Ngizim,ngiz1242,Ngizim,ngi,Africa,12.1051,11.0178,Afro-Asiatic
kraftchadic-Ngwaxi,Ngwaxi,nggw1242,Nggwahyi,ngx,Africa,10.6058,12.9234,Afro-Asiatic
kraftchadic-Njanye,Njanye,nzan1240,Nzanyi,nja,Africa,10.0666,13.3343,Afro-Asiatic
kraftchadic-Pero,Pero,pero1241,Pero,pip,Africa,9.62092,11.044,Afro-Asiatic
kraftchadic-Piimdi,Piðimdi,tera1251,Tera,ttr,Africa,11.0376,11.80953,Afro-Asiatic
kraftchadic-Plci,Pəlci,polc1243,Polci,plj,Africa,10.0258,9.53362,Afro-Asiatic
kraftchadic-Seya,Seya,saya1246,Saya,say,Africa,9.69441,9.71748,Afro-Asiatic
kraftchadic-Sura,Sura,mwag1236,Mwaghavul,sur,Africa,9.47205,8.96522,Afro-Asiatic
kraftchadic-Tangale,Tangale,nucl1696,Tangale,tan,Africa,9.75444,11.3228,Afro-Asiatic
kraftchadic-Wamdiu,Wamdiu,marg1266,Marghi South,mfm,Africa,10.53854,12.99521,Afro-Asiatic
kraftchadic-Westmargi,West Margi,puta1243,Putai,mfl,Africa,10.83854,12.99521,Afro-Asiatic
kraftchadic-Yingilum,Yingilum,nort2770,North Fali,fll,Africa,9.9249,13.6567,Atlantic-Congo
kraftchadic-Zvana,Zə̀ɣvana,dghw1239,Dghwede,dgh,Africa,11.05751,13.77847,Afro-Asiatic
beidasinitic-Beijing,Beijing,beij1234,Beijing Mandarin,,Eurasia,39.9385466,116.1172766,Sino-Tibetan
beidasinitic-Changsha,Changsha,chan1326,Changsha,,Eurasia,28.85032,112.943344,Sino-Tibetan
beidasinitic-Chaozhou,Chaozhou,chao1238,Chaozhou,,Eurasia,23.666667,116.633333,Sino-Tibetan
beidasinitic-Chengdu,Chengdu,chen1267,Chengdu Mandarin,,Eurasia,30.605768,103.970947,Sino-Tibetan
beidasinitic-Fuzhou,Fuzhou,fuzh1239,Houguan,,Eurasia,26.08904,119.294243,Sino-Tibetan
beidasinitic-Guangzhou,Guangzhou,guan1279,Guangzhou,,Eurasia,23.1253503,112.9476548,Sino-Tibetan
beidasinitic-Hefei,Hefei,hefe1234,Hefei Mandarin,,Eurasia,31.873593,117.223663,Sino-Tibetan
beidasinitic-Jinan,Jinan,jina1245,Jinan Mandarin,,Eurasia,36.690777,116.997299,Sino-Tibetan
beidasinitic-Kunming,Kunming,kunm1234,Kunming Chinese,,Eurasia,25.049711,102.72274,Sino-Tibetan
beidasinitic-Meixian,Meixian,yuet1238,Meixian,,Eurasia,24.3522958,115.8903375,Sino-Tibetan
beidasinitic-Nanchang,Nanchang,nanc1254,Nanchang,,Eurasia,28.706609,115.857468,Sino-Tibetan
beidasinitic-Shenyang,Shenyang,shen1252,Shenyang Mandarin,,Eurasia,41.8049906,123.1563167,Sino-Tibetan
beidasinitic-Suzhou,Suzhou,suzh1234,Suzhou,,Eurasia,31.3280439,120.364116,Sino-Tibetan
beidasinitic-Wenzhou,Wenzhou,ouji1238,Wenzhou,,Eurasia,28.005496,120.701179,Sino-Tibetan
beidasinitic-XiAn,Xi_an,xian1253,Xi'an Mandarin,,Eurasia,34.228154,108.960571,Sino-Tibetan
beidasinitic-Xiamen,Xiamen,xiam1236,Xiamen,,Eurasia,24.49421,118.08918,Sino-Tibetan
beidasinitic-Yangjiang,Yangjiang,yang1307,Yangjiang,,Eurasia,21.7895612,111.966667,Sino-Tibetan
beidasinitic-Yangzhou,Yangzhou,yang1306,Yangzhou Mandarin,,Eurasia,32.4171449,119.209227,Sino-Tibetan
allenbai-Eryuan,Eryuan,eryu1239,Eryuan,,Eurasia,26.538056,99.910000,Sino-Tibetan
allenbai-Heqing,Heqing,heqi1238,Heqing,,Eurasia,26.0991374,99.9416161,Sino-Tibetan
allenbai-Jianchuan,Jianchuan,jian1239,Jianchuan,,Eurasia,26.5536208,100.1396921,Sino-Tibetan
allenbai-Lanping,Lanping,lanp1241,Lanping,,Eurasia,26.5158555,99.2581092,Sino-Tibetan
allenbai-Luobenzhuo,Luobenzhuo,nuji1238,Jinman Bai,,Eurasia,26.4240223,98.8862088,Sino-Tibetan
allenbai-Qiliqiao,Qiliqiao,qili1234,Qiliqiao,,Eurasia,25.6553283,100.1709288,Sino-Tibetan
allenbai-Xiangyun,Xiangyun,xian1250,Xiangyun,,Eurasia,25.5313657,100.4478932,Sino-Tibetan
allenbai-Yunlong,Yunlong,yunl1238,Yunlong,,Eurasia,25.9223745,99.0352884,Sino-Tibetan
allenbai-Zhoucheng,Zhoucheng,zhou1234,Zhoucheng,,Eurasia,25.8958633,100.0987848,Sino-Tibetan
abrahammonpa-MonpaKalaktang,Monpa Kalaktang,kala1376,Kalaktang Monpa,kkf,Eurasia,27.104162,92.113017,Sino-Tibetan
abrahammonpa-MonpaBalemu,Monpa Balemu,kala1376,Kalaktang Monpa,kkf,Eurasia,26.964717,92.164581,Sino-Tibetan
abrahammonpa-MonpaTomko,Monpa Tomko,kala1376,Kalaktang Monpa,kkf,Eurasia,27.16536,92.23077,Sino-Tibetan
abrahammonpa-MonpaNamsu,Monpa Namsu,kala1376,Kalaktang Monpa,kkf,Eurasia,27.359505,92.34921,Sino-Tibetan
abrahammonpa-MonpaTembang,Monpa Tembang,tsha1245,Tshangla,tsj,Eurasia,27.333876,92.40513,Sino-Tibetan
abrahammonpa-MonpaDirangDum,Monpa Dirang Dum,tsha1245,Tshangla,tsj,Eurasia,27.334341,92.293734,Sino-Tibetan
abrahammonpa-MonpaSangti,Monpa Sangti,tsha1245,Tshangla,tsj,Eurasia,27.402266,92.314934,Sino-Tibetan
abrahammonpa-MonpaDirang,Monpa Dirang,tsha1245,Tshangla,tsj,Eurasia,27.34959,92.27914,Sino-Tibetan
abrahammonpa-MonpaTawangMonastery,Monpa Tawang Monastery,dakp1242,Dakpakha,dka,Eurasia,27.586829,91.85796,Sino-Tibetan
abrahammonpa-MonpaZimithang,Monpa Zimithang,dakp1242,Dakpakha,dka,Eurasia,27.335901,92.306528,Sino-Tibetan
abrahammonpa-MonpaChangprong,Monpa Changprong,dakp1242,Dakpakha,dka,Eurasia,27.578928,91.876393,Sino-Tibetan
abrahammonpa-SartangKhoitam,Sartang Khoitam,khoi1252,Khoitam,,Eurasia,27.358518,92.438415,Sino-Tibetan
abrahammonpa-ChugParchu,Chug Parchu,chug1252,Duhumbi,cvg,Eurasia,27.420054,92.234173,Sino-Tibetan
abrahammonpa-SartangDarbuA,Sartang Darbu 1,sart1249,Sartang,onp,Eurasia,27.329171,92.358727,Sino-Tibetan
abrahammonpa-MijiNafra,Miji Nafra,miji1239,Miji,,,27.373776,92.546071,Sino-Tibetan
abrahammonpa-LishLish,Lish Lish,lish1235,Khispi,lsh,Eurasia,27.368692,92.249809,Sino-Tibetan
abrahammonpa-SherdukpenRupa,Sherdukpen Rupa,sher1256,Sartang-Sherdukpen,,,27.203981,92.398629,Sino-Tibetan
abrahammonpa-HrusoAkaJamiri,Hruso Aka Jamiri,hrus1242,Hruso,hru,Eurasia,27.184929,92.599114,Sino-Tibetan
abrahammonpa-SartangDarbuB,Sartang Darbu 2,sart1249,Sartang,onp,Eurasia,27.329171,92.358727,Sino-Tibetan
abrahammonpa-SartangKhoina,Sartang Khoina,khoi1253,Khoina,,Eurasia,27.337381,92.529683,Sino-Tibetan
abrahammonpa-BugunSingchung,Bugun Singchung,sing1271,Singchung,,Eurasia,27.195773,92.473437,Sino-Tibetan
abrahammonpa-BugunWangho,Bugun Wangho,wang1301,Wangho,,Eurasia,27.231398,92.436886,Sino-Tibetan
abrahammonpa-BugunBichom,Bugun Bichom,bich1234,Bichom,,Eurasia,27.272159,92.574219,Sino-Tibetan
abrahammonpa-BugunKaspi,Bugun Kaspi,kasp1234,Kaspi,,Eurasia,27.204143,92.549541,Sino-Tibetan
abrahammonpa-BugunNamphri,Bugun Namphri,namp1239,Namphri,,Eurasia,27.196633,92.504931,Sino-Tibetan
abrahammonpa-NamreiNabolang,Namrei Nabolang,miji1239,Miji,,,27.546333,92.797975,Sino-Tibetan
abrahammonpa-NamreiBisai,Namrei Bisai,miji1239,Miji,,,27.682796,92.700031,Sino-Tibetan
abrahammonpa-DammaiRurang,Dammai Rurang,miji1239,Miji,,,27.368455,92.500637,Sino-Tibetan
abrahammonpa-DammaiDibin,Dammai Dibin,miji1239,Miji,,,27.437363,92.531354,Sino-Tibetan
abrahammonpa-SherdukpenShergaon,Sherdukpen Shergaon,sher1256,Sartang-Sherdukpen,,,27.104558,92.27076,Sino-Tibetan
bantubvd-1,Kinyamwezi F22,nyam1276,Nyamwezi,nym,Africa,-5.08559,32.94452,Atlantic-Congo
bantubvd-2,Bukusu E.31c,buku1249,Bukusu,bxk,Africa,0.68043,34.7719,Atlantic-Congo
bantubvd-3,Koyo C.24,koyo1242,Koyo,koh,Africa,-0.69688,15.7508,Atlantic-Congo
bantubvd-4,Bemba M.42,bemb1257,Bemba (Zambia),bem,Africa,-10.6122,29.2993,Atlantic-Congo
bantubvd-5,Basaa A.43a,basa1284,Basa (Cameroon),bas,Africa,3.80765,10.4213,Atlantic-Congo
bantubvd-6,Asu G.22,asut1235,Asu (Tanzania),asa,Africa,-4.17978,37.8323,Atlantic-Congo
bantubvd-7,Rumanyo (Gciriku) K.38,diri1252,Diriku,diu,Africa,-18.1681,20.6678,Atlantic-Congo
bantubvd-8,Lega D.25,lega1249,Lega-Shabunda,lea,Africa,-3.83196,27.1424,Atlantic-Congo
bantubvd-9,Tswana S.30,tswa1253,Tswana,tsn,Africa,-24.368,24.7587,Atlantic-Congo
bantubvd-10,Yao P.21,yaoo1241,Yao,yao,Africa,-13.6119,35.2387,Atlantic-Congo
castrosui-ShuigenCentralSandong,Sandong,sand1270,Sandong,,Eurasia,25.724479,107.92172,Tai-Kadai
castrosui-ZhongheCentralSandong,Zhonghe,sand1270,Sandong,,Eurasia,25.817612,107.904898,Tai-Kadai
castrosui-TangzhouWesternSandong,Tangzhou,sand1270,Sandong,,Eurasia,25.775037,107.87072,Tai-Kadai
castrosui-TingpaiWesternSandong,Tingpai,sand1270,Sandong,,Eurasia,25.3756,107.5416,Tai-Kadai
castrosui-AntangWesternSandong,Antang,sand1270,Sandong,,Eurasia,25.935942,108.113772,Tai-Kadai
castrosui-DujiangEasternSandong,Dujiang,sand1270,Sandong,,Eurasia,26.009139,108.260898,Tai-Kadai
castrosui-SanjiangEasternSandong,Sanjiang,sand1270,Sandong,,Eurasia,26.009139,108.260898,Tai-Kadai
castrosui-RenliEasternSandong,Renli,sand1270,Sandong,,Eurasia,26.116584,108.435839,Tai-Kadai
castrosui-JiuqianSouthernSandong,Jiuqian,sand1270,Sandong,,Eurasia,25.615405,108.030525,Tai-Kadai
castrosui-ShuiyaoSouthernSandong,Shuiyao,sand1270,Sandong,,Eurasia,25.413123,107.969761,Tai-Kadai
castrosui-JiarongSouthernSandong,Jiarong,sand1270,Sandong,,Eurasia,25.493343,108.183955,Tai-Kadai
castrosui-ShuiweiSouthernSandong,Shuiwei,sand1270,Sandong,,Eurasia,25.710491,108.211043,Tai-Kadai
castrosui-Pandong,Pandong,pand1262,Pandong,,Eurasia,26.06349,107.693696,Tai-Kadai
castrosui-JiaoliPandong,Jiaoli,pand1262,Pandong,,Eurasia,26.059013,107.8486,Tai-Kadai
castrosui-TangnianYangAn,Tangnian,anya1244,Anyang,,Eurasia,25.58369,107.801479,Tai-Kadai
castrosui-BanliangYangAn,Banliang,anya1244,Anyang,,Eurasia,25.776111,107.870727,Tai-Kadai
castroyi-HedongKuaNsi,Kua-nsi (Hedong),sich1238,Sichuan Yi,iii,Eurasia,25.2871677,99.2546745,Sino-Tibetan
castroyi-ShangepingKuaNsi,Kua-nsi,sich1238,Sichuan Yi,iii,Eurasia,26.4362805,100.4142768,Sino-Tibetan
castroyi-Kuamasi,Kuamasi,sich1238,Sichuan Yi,iii,Eurasia,26.3386795,100.3652368,Sino-Tibetan
castroyi-DaqingZibusi,Zibusi (Daqing),sich1238,Sichuan Yi,iii,Eurasia,29.0539,97.9368,Sino-Tibetan
castroyi-MoguangLaizisi,Laizisi (Moguang),sich1238,Sichuan Yi,iii,Eurasia,26.4908975,100.2810418,Sino-Tibetan
castroyi-XinfengSonaga,Sonaga (Xinfeng),sich1238,Sichuan Yi,iii,Eurasia,24.4957899,101.3020228,Sino-Tibetan
castrozhuang-LuzhaiSipai,Luzhai Sipai,liuq1235,Liuqian Zhuang,zlq,Eurasia,24.48884,109.73388,Tai-Kadai
castrozhuang-LuzhaiLuzhai,Luzhai Luzhai,liuq1235,Liuqian Zhuang,zlq,Eurasia,24.36935,109.746886,Tai-Kadai
castrozhuang-XiangzhouDale,Xiangzhou Dale,liuq1235,Liuqian Zhuang,zlq,Eurasia,24.07619,109.979439,Tai-Kadai
castrozhuang-XiangzhouYunjiang,Xiangzhou Yunjiang,liuq1235,Liuqian Zhuang,zlq,Eurasia,24.137508,109.733639,Tai-Kadai
castrozhuang-WuxuanTongling,Wuxuan Tongling,east2363,Eastern Hongshuihe Zhuang,zeh,Eurasia,23.394139,109.594364,Tai-Kadai
castrozhuang-WuxuanHuangmao,Wuxuan Huangmao,liuq1235,Liuqian Zhuang,zlq,Eurasia,23.780134,109.636403,Tai-Kadai
castrozhuang-GuipingShilong,Guiping Shilong,east2363,Eastern Hongshuihe Zhuang,zeh,Eurasia,23.369872,109.830511,Tai-Kadai
castrozhuang-GangbeiZhongli,Gangbei Zhongli,east2363,Eastern Hongshuihe Zhuang,zeh,Eurasia,23.281551,109.641785,Tai-Kadai
castrozhuang-XingbinSishan,Xingbin Sishan,east2363,Eastern Hongshuihe Zhuang,zeh,Eurasia,23.551889,109.383262,Tai-Kadai
castrozhuang-XingbinQianjiang,Xingbin Qianjiang,east2363,Eastern Hongshuihe Zhuang,zeh,Eurasia,23.548344,108.900099,Tai-Kadai
castrozhuang-ShanglinTanghong,Shanglin Tanghong,east2363,Eastern Hongshuihe Zhuang,zeh,Eurasia,23.703444,108.605752,Tai-Kadai
castrozhuang-ShanglinMingliang,Shanglin Mingliang,east2363,Eastern Hongshuihe Zhuang,zeh,Eurasia,23.39007,108.593644,Tai-Kadai
castrozhuang-MashanYongzhou,Mashan Yongzhou,cent2009,Central Hongshuihe Zhuang,zch,Eurasia,23.55591,107.824583,Tai-Kadai
castrozhuang-MashanBaishan,Mashan Baishan,cent2009,Central Hongshuihe Zhuang,zch,Eurasia,23.68569,108.17574,Tai-Kadai
castrozhuang-DahuaYantan,Dahua Yantan,cent2009,Central Hongshuihe Zhuang,zch,Eurasia,24.026928,107.570884,Tai-Kadai
castrozhuang-DahuaLiushui,Dahua Liushui,cent2009,Central Hongshuihe Zhuang,zch,Eurasia,23.75189,107.9715,Tai-Kadai
castrozhuang-DuAnGaoling,Du'an Gaoling,cent2009,Central Hongshuihe Zhuang,zch,Eurasia,24.06382,108.079128,Tai-Kadai
castrozhuang-DuAnBaiwang,Du'an Baiwang,cent2009,Central Hongshuihe Zhuang,zch,Eurasia,24.11682,108.41675,Tai-Kadai
castrozhuang-XinchengBeigeng,Xincheng Beigeng,east2326,Salaca Livonian,,Eurasia,23.775707,108.559842,Tai-Kadai
castrozhuang-XinchengGuosui,Xincheng Guosui,east2326,Salaca Livonian,,Eurasia,23.879303,108.80687,Tai-Kadai
chindialectsurvey-TaungthaWethet-T-1,Taungtha (Wethet),,,,,21.691667,94.097222,Sino-Tibetan
chindialectsurvey-ThaiphumRengkheng-T-7,Thaiphum (Rengkheng),,,,,21.6,93.4432,Sino-Tibetan
chindialectsurvey-AshoKokanTan-A-1,Asho (Kokan Tan),asho1236,Asho Chin,csh,Eurasia,19.85,94,Sino-Tibetan
chindialectsurvey-AshoLinde-A-11,Asho (Linde),asho1236,Asho Chin,csh,Eurasia,21.393,93.5069,Sino-Tibetan
chindialectsurvey-UppuKyinDwe-U-5,Uppu (Kyin Dwe),chin1478,Chinbon Chin,cnb,Eurasia,20.97296,93.83817,Sino-Tibetan
chindialectsurvey-LonpawKhoimalaung-U-9,Lonpaw (Khoimalaung),chin1478,Chinbon Chin,cnb,Eurasia,20.45,94.25,Sino-Tibetan
chindialectsurvey-MinkyaChi-U-10,Minkya (Chi),chin1478,Chinbon Chin,cnb,Eurasia,20.45,94.25,Sino-Tibetan
chindialectsurvey-DoituHetsawlay-U-11,Doitu (Hetsawlay),,,,,20.366667,93.266667,Sino-Tibetan
chindialectsurvey-LaituKhuasung-U-12,Laitu (Khuasung),,,,,20.57061005,93.31453705,Sino-Tibetan
chindialectsurvey-EkaiDaletYwaHaung-D-1,Ekai Dalet Ywa Haung,sumt1234,Sumtu Chin,csv,Eurasia,19.99295,93.80038,Sino-Tibetan
chindialectsurvey-KhulaiAyeChaungKwanwa-D-5,Khulai Aye Chaung Kwanwa,sumt1234,Sumtu Chin,csv,Eurasia,19.4709,94.01271,Sino-Tibetan
chindialectsurvey-DaituNyaungChaungYwa-D-4,Daitu Nyaung Chaung Ywa,sumt1234,Sumtu Chin,csv,Eurasia,19.67484093,94.01331329,Sino-Tibetan
chindialectsurvey-KhamawLakeKone-D-2,Khamaw Lake Kone,asho1236,Asho Chin,csh,Eurasia,19.96184731,93.86746216,Sino-Tibetan
chindialectsurvey-SaingbongAyoTaung-D-3,Saingbong Ayo Taung,asho1236,Asho Chin,csh,Eurasia,19.95651054,93.85251617,Sino-Tibetan
chindialectsurvey-LaisawThuHtayKung-A,Laisaw Thu Htay Kung,,,,,20.38415909,93.25898743,Sino-Tibetan
chindialectsurvey-HyowLaituGhungurumukParainBandarban-A,Hyow-Laitu Ghungurumukʰ Para (in Bandarban),asho1236,Asho Chin,csh,Eurasia,22.1454,92.08462,Sino-Tibetan
chindialectsurvey-SonglaiHettui8KarchaungHettui-A,Songlai-Hettui 8Karchaung (Hettui),,,,,21.3,92.85,Sino-Tibetan
chindialectsurvey-SonglaiMaungUmSong1MaungUmSong-A,Songlai-Maung Um (Song) 1Maung Um (Song),,,,,21.3,92.85,Sino-Tibetan
chindialectsurvey-LaituAhongdong-A,Laitu Ahongdong,,,,,20.22525024,93.41887665,Sino-Tibetan
chindialectsurvey-SumtuDookkan-A,Sumtu Dookkan,sumt1234,Sumtu Chin,csv,Eurasia,20.1238,93.8367,Sino-Tibetan
chindialectsurvey-NggaKantthayung-A,Ng'ga Kant-thayung,munc1235,Mün Chin,mwq,Eurasia,21.2,94.016667,Sino-Tibetan
chindialectsurvey-KaangKruk-A,Kaang Kruk,,,,,21.6,93.4432,Sino-Tibetan
chindialectsurvey-DaaiKalim-A,Daai Kal-im,daai1236,Daai Chin,dao,Eurasia,21.6,93.4432,Sino-Tibetan
chindialectsurvey-DaaiAwisi-A,Daai Awisi,daai1236,Daai Chin,dao,Eurasia,21.6,93.4432,Sino-Tibetan
chindialectsurvey-DaaiNgxang5HungNghang-A,Daai-Ngxang 5Hung (Ng'hang),daai1236,Daai Chin,dao,Eurasia,21.3,92.85,Sino-Tibetan
chindialectsurvey-DaaiYet3BuchaungwaYet-A,Daai-Yet 3Buchaungwa (Yet),daai1236,Daai Chin,dao,Eurasia,21.3,92.85,Sino-Tibetan
chindialectsurvey-MuunNituShingBawk-A,Muun (Nitu) Shing Bawk,munc1235,Mün Chin,mwq,Eurasia,21.366667,93.983333,Sino-Tibetan
chindialectsurvey-RawngtuWeilong-A,Rawngtu Weilong,wela1234,Welaung,weu,Eurasia,21.366667,93.983333,Sino-Tibetan
chindialectsurvey-RawngtuRamtim-A,Rawngtu Ramtim,wela1234,Welaung,weu,Eurasia,21.6,93.4432,Sino-Tibetan
chindialectsurvey-MroKhimiAreong10KyaGaungvillageMrokhami-A,Mro-Khimi Areong 10Kya Gaung village (Mro-khami),mroc1235,Mro Chin,cmr,Eurasia,21.3,92.85,Sino-Tibetan
chindialectsurvey-WakungAwaPyin-A,Wakung Awa Pyin,mroc1235,Mro Chin,cmr,Eurasia,19.49583054,93.95348358,Sino-Tibetan
hubercolumbian-Achagua,Achagua,acha1250,Achagua,aca,South America,4.38649,-72.2005,Arawakan
hubercolumbian-Baniva,Baniva,bani1254,Avane,bvv,South America,5.26123,-67.5633,Arawakan
hubercolumbian-Barasana,Barasana,bara1380,Barasana-Eduria,bsn,South America,0.02193,-70.808,Tucanoan
hubercolumbian-Bara,Bará,waim1255,Waimaha,bao,South America,0.30416,-70.1644,Tucanoan
hubercolumbian-Cabiyari,Cabiyarí,cabi1241,Cabiyarí,cbb,South America,0.16101,-71.0622,Arawakan
hubercolumbian-Carapana,Carapana,cara1272,Carapana,cbc,South America,0.06168,-69.6465,Tucanoan
hubercolumbian-Catio,Catío,embe1260,Emberá-Catío,cto,South America,7.52721,-76.7476,Chocoan
hubercolumbian-Cubeo,Cubeo,cube1242,Cubeo,cub,South America,1.32382,-70.1939,Tucanoan
hubercolumbian-Curripaco,Curripaco,curr1243,Curripaco,kpc,South America,0.69618,-67.5028,Arawakan
hubercolumbian-Desano,Desano,desa1247,Desano,des,South America,0.58157,-69.4955,Tucanoan
hubercolumbian-EmberaDarien,Embera Darién,nort2972,Northern Emberá,emp,South America,7.12761,-77.574,Chocoan
hubercolumbian-EmberaTado,Embera Tadó,embe1261,Emberá-Tadó,tdc,South America,5.23658,-77.1533,Chocoan
hubercolumbian-EmberaChami,Embera Chamí,embe1262,Emberá-Chamí,cmi,South America,4.8791,-76.0749,Chocoan
hubercolumbian-EpenaSaija,Epena Saija,epen1239,Epena,sja,South America,4.25877,-77.3566,Chocoan
hubercolumbian-EpenaBasurudo,Epena Basurudó,epen1239,Epena,sja,South America,4.25877,-77.3566,Chocoan
hubercolumbian-Giacone,Giacone,tari1256,Tariana,tae,South America,0.440205,-68.9042,Arawakan
hubercolumbian-Koreguaje,Koreguaje,kore1283,Koreguaje,coe,South America,0.92316,-75.3475,Tucanoan
hubercolumbian-Macuna,Macuna,macu1260,Macuna,myy,South America,-0.14459,-70.0749,Tucanoan
hubercolumbian-Ocaina,Ocaina,ocai1244,Ocaina,oca,South America,-2.159,-72.1422,Huitotoan
hubercolumbian-Orejon,Orejón,orej1242,Maijiki,ore,South America,-2.86315,-72.4926,Tucanoan
hubercolumbian-Piapoco,Piapoco,piap1246,Piapoco,pio,South America,4.37718,-68.5953,Arawakan
hubercolumbian-Piratapuyo,Piratapuyo,pira1254,Wa'ikhana,pir,South America,0.50714,-69.5032,Tucanoan
hubercolumbian-Resigaro,Resígaro,resi1247,Resígaro,rgr,South America,-2.48139,-71.3578,Arawakan
hubercolumbian-Secoya,Secoya,seco1241,Secoya,sey,South America,-0.459785,-75.5547,Tucanoan
hubercolumbian-Siona,Siona,sion1247,Siona-Tetete,snn,South America,0.31733,-76.0237,Tucanoan
hubercolumbian-Siriano,Siriano,siri1274,Siriano,sri,South America,0.436515,-70.184,Tucanoan
hubercolumbian-Tanimuca,Tanimuca,tani1257,Tanimuca-Retuarã,tnc,South America,-0.59023,-70.3853,Tucanoan
hubercolumbian-Tariano,Tariano,tari1256,Tariana,tae,South America,0.440205,-68.9042,Arawakan
hubercolumbian-Tatuyo,Tatuyo,tatu1247,Tatuyo,tav,South America,0.55582,-70.5327,Tucanoan
hubercolumbian-Tucano,Tucano,tuca1252,Tucano,tuo,South America,0.579755,-69.5763,Tucanoan
hubercolumbian-Tuyuca,Tuyuca,tuyu1244,Tuyuca,tue,South America,0.39441,-70.043515,Tucanoan
hubercolumbian-Waimaja,Waimaja,waim1255,Waimaha,bao,South America,0.30416,-70.1644,Tucanoan
hubercolumbian-Wanano,Wanano,guan1269,Kotiria,gvc,South America,1.07554,-69.5705,Tucanoan
hubercolumbian-Wayuu,Wayuu,wayu1243,Wayuu,guc,South America,11.395566,-72.199791,Arawakan
hubercolumbian-WitotoMinica,Witoto Mi̵ni̵ca,mini1256,Minica Huitoto,hto,South America,-1.54535,-73.1107,Huitotoan
hubercolumbian-WitotoMurui,Witoto Murui,muru1274,Murui Huitoto,huu,South America,-1.13669,-73.8331,Huitotoan
hubercolumbian-WitotoNipode,Witoto Ni̵pode,nupo1240,Nüpode Huitoto,hux,South America,-2.34495,-70.9559,Huitotoan
hubercolumbian-Wounaan,Wounaan,woun1238,Woun Meu,noa,South America,8.5,-78.0,Chocoan
hubercolumbian-Yucuna,Yucuna,yucu1253,Yucuna,ycn,South America,-0.76075,-71.0033,Arawakan
hubercolumbian-Yuruti,Yurutí,yuru1263,Yurutí,yui,South America,0.735585,-69.6955,Tucanoan
gerarditupi-Mawe,MAWE,sate1243,Sateré-Mawé,mav,South America,-3.63897,-56.8749,Tupian
gerarditupi-Aweti,AWETI,awet1244,Awetí,awe,South America,-12.381944,-53.391944,Tupian
gerarditupi-Asurini,Asurini,toca1235,Tocantins Asurini,asu,South America,-3.59359,-49.8991,Tupian
gerarditupi-Parakana,Parakanã,para1312,Parakanã,pak,South America,-4.64681,-50.0621,Tupian
gerarditupi-Surui,Suruí,suru1262,Suruí,sru,South America,-11.0989,-61.2818,Tupian
gerarditupi-Tapirape,Tapirapé,tapi1254,Tapirapé,taf,South America,-10.5373,-50.5438,Tupian
gerarditupi-Tembe,Tembé,temb1276,Tenetehara,tqb,South America,-2.6123,-48.2359,Tupian
gerarditupi-Apiaka,Apiaká,apia1248,Apiaká,api,South America,-7.84711,-57.91,Tupian
gerarditupi-Guajajara,Guajajara,guaj1255,Guajajára,gub,South America,-4.69461,-45.7081,Tupian
gerarditupi-Amonda,Amonda,amun1246,Amundava,adw,South America,-9.04023,-62.3064,Tupian
gerarditupi-Parintintin,Parintintin,tenh1241,Tenharim-Parintintin-Diahoi,pah,South America,-7.92626,-61.936,Tupian
gerarditupi-Urueuwauwau,Urueuwauwau,urue1240,Uru-Eu-Wau-Wau,urz,South America,-10.9176,-63.8086,Tupian
gerarditupi-Kayabi,Kayabí,kaya1329,Kayabí,kyz,South America,-11.2747,-55.5479,Tupian
gerarditupi-AsuriniXingu,Asurini Xingu,xing1248,Xingú Asuriní,asn,South America,-4.13463,-52.321,Tupian
gerarditupi-Arawete,Araweté,araw1273,Araweté,awt,South America,-4.90246,-52.5001,Tupian
gerarditupi-Kamayura,Kamayura,kama1373,Kamayurá,kay,South America,-12.2661,-53.4651,Tupian
gerarditupi-Guaja,Guajá,guaj1256,Guajá,gvj,South America,-3.93574,-46.3683,Tupian
gerarditupi-Emerillon,Emerillon,emer1243,Teko,eme,South America,3.23694,-52.3699,Tupian
gerarditupi-Wayampi,Wayampí,waya1270,Wayampi,oym,South America,1.73817,-52.6887,Tupian
gerarditupi-UrubuKaapor,UrubuKaapor,urub1250,Urubú-Kaapor,urb,South America,-2.46455,-46.2204,Tupian
gerarditupi-Anambe,Anambé,anam1249,Anambé,aan,South America,-2.71119,-49.303,Tupian
gerarditupi-AvaCanoeiro,AvaCanoeiro,avac1239,Avá-Canoeiro,avv,South America,-13.6081,-48.1336,Tupian
gerarditupi-Tupi,Tupí,tupi1273,Tupinambá,tpn,South America,-22.807778,-42.106389,Tupian
gerarditupi-Nheengatu,Nheengatu,nhen1239,Nhengatu,yrl,South America,1.04503,-66.9646,Tupian
gerarditupi-Kokama,Kokama,coca1259,Cocama-Cocamilla,cod,South America,-4.5,-74.0,Tupian
gerarditupi-Omagua,Omagua,omag1248,Omagua,omg,South America,-3.526,-69.1667,Tupian
gerarditupi-Yuki,Yuki,yuqu1240,Yuqui,yuq,South America,-16.7875,-64.9438,Tupian
gerarditupi-Guarayo,Guarayo,guar1292,Guarayu,gyr,South America,-15.8247,-61.6934,Tupian
gerarditupi-Siriono,Sirionó,siri1273,Sirionó,srq,South America,-15.5298,-63.9688,Tupian
gerarditupi-Warazu,Warazu,paus1244,Warázu,psm,South America,-12.8553,-63.1903,Tupian
gerarditupi-Chiriguano,Chiriguano,east2555,Eastern Bolivian Guaraní,gui,South America,-20.42,-63.37,Tupian
gerarditupi-GuaraniMbya,GuaraniMbya,mbya1239,Mbyá Guaraní,gun,South America,-26.0188,-52.711,Tupian
gerarditupi-GuaraniParaguay,Guarani Paraguay,para1311,Paraguayan Guaraní,gug,South America,-25.60551,-57.08816,Tupian
gerarditupi-Guayaki,Guayaki,ache1246,Aché,guq,South America,-25.5865,-56.4697,Tupian
gerarditupi-Xeta,Xeta,xeta1241,Xetá,xet,South America,-24.9408,-52.2266,Tupian
suntb-Achang,Achang (Longchuan),acha1249,Longchuan Achang,acn,Eurasia,24.466605,97.89503,Sino-Tibetan
suntb-Anong,Anong,nung1282,Nung (Myanmar),nun,Eurasia,27.2887,98.7333,Sino-Tibetan
suntb-Atsi,Atsi [Zaiwa],zaiw1241,Zaiwa,atb,Eurasia,24.17,98.36,Sino-Tibetan
suntb-BijiangBai,Bai (Bijiang),biji1251,Bijiang Bai,,Eurasia,,,Sino-Tibetan
suntb-DaliBai,Bai (Dali),dali1242,Dali,,Eurasia,,,Sino-Tibetan
suntb-JianchuanBai,Bai (Jianchuan),jian1239,Jianchuan,,Eurasia,26.538056,99.91,Sino-Tibetan
suntb-BokarLhoba,Bokar Lhoba,boka1249,Bokar-Ramo,,Eurasia,28.61433,94.066429,Sino-Tibetan
suntb-RangoonBurmese,Burmese (Spoken Rangoon),mand1476,Mandalay-Yangon,,Eurasia,16.867489,96.191442,Sino-Tibetan
suntb-WrittenBurmese,Burmese (Written),nucl1310,Burmese,mya,Eurasia,20.7926,93.9665,Sino-Tibetan
suntb-Darang,Darang [Taraon],diga1241,Tawra,mhu,Eurasia,28.4993,96.8803,Sino-Tibetan
suntb-DanbaErgong,Ergong (Danba),horp1239,Stau-Dgebshes,ero,Eurasia,31.1026,101.72,Sino-Tibetan
suntb-Ersu,Ersu,ersu1241,Ersu,ers,Eurasia,29.2867,102.213,Sino-Tibetan
suntb-Guiqiong,Guiqiong,guiq1238,Guiqiong,gqi,Eurasia,30.4803,102.128,Sino-Tibetan
suntb-CaiyuanHani,Hani (Caiyuan),biyo1243,Biyo,byo,Eurasia,22.511,101.652,Sino-Tibetan
suntb-DazhaiHani,Hani (Dazhai),dazh1234,Dazhai,,Eurasia,,,Sino-Tibetan
suntb-ShuikuiHani,Hani (Shuikui),honi1244,Honi,how,Eurasia,23.2074,101.886,Sino-Tibetan
suntb-Idu,Idu,idum1241,Idu,clk,Eurasia,29.4473,95.6472,Sino-Tibetan
suntb-Jingpho,Jingpho,kach1280,Southern Jinghpaw,kac,Eurasia,25.4634,97.3278,Sino-Tibetan
suntb-Jinuo,Jinuo,youl1235,Youle Jinuo,jiu,Eurasia,22.0473,101.057,Sino-Tibetan
suntb-Kaman,Kaman [Miju],miju1243,Kman,mxj,Eurasia,28.4732,97.0444,Sino-Tibetan
suntb-BlackLahu,Lahu (Black),naaa1244,Na (Lahu),,Eurasia,,,Sino-Tibetan
suntb-Lisu,Lisu,lisu1250,Lisu,lis,Eurasia,26.91,98.94,Sino-Tibetan
suntb-Maru,Maru [Langsu],lawn1238,Lawng Hsu,,Eurasia,,,Sino-Tibetan
suntb-Muya,Muya [Minyak],muya1239,Muya,mvm,Eurasia,29.8226,102.205,Sino-Tibetan
suntb-Namuyi,Namuyi,namu1246,Namuyi,nmy,Eurasia,28.5909,101.898,Sino-Tibetan
suntb-LijiangNaxi,Naxi (Lijiang),lich1241,Lichiang,,Eurasia,,,Sino-Tibetan
suntb-YongningNaxi,Naxi (Yongning),yong1270,Narua,nru,Eurasia,27.8,100.9,Sino-Tibetan
suntb-BijiangNusu,Nusu (Bijiang),nusu1239,Nusu,nuf,Eurasia,26.7292,98.8801,Sino-Tibetan
suntb-QinghuaPumi,Pumi (Qinghua),qing1238,Qinghua Pumi,,Eurasia,,,Sino-Tibetan
suntb-TaobaPumi,Pumi (Taoba),taob1238,Taoba,,Eurasia,,,Sino-Tibetan
suntb-MawoQiang,Qiang (Mawo),nort2722,Northern Qiang,cng,Eurasia,32.2766,103.192,Sino-Tibetan
suntb-TaopingQiang,Qiang (Taoping),taop1238,Taoping Qiang,,Eurasia,,,Sino-Tibetan
suntb-YajiangQueyu,Queyu (Yajiang) [Zhaba],quey1238,Queyu,qvy,Eurasia,30.3113,100.813,Sino-Tibetan
suntb-Sulong,Sulung [Puroik],bugu1245,Chayangtajo,,Eurasia,,,Sino-Tibetan
suntb-AmdoTibetanBlabrang,Tibetan (Amdo:Bla-brang),,,,,,,Sino-Tibetan
suntb-AmdoTibetanZeku,Tibetan (Amdo:Zeku),,,,,,,Sino-Tibetan
suntb-KhamsTibetan,Tibetan (Khams:Dege),kham1282,Khams Tibetan,khg,Eurasia,31.9313,91.7062,Sino-Tibetan
suntb-LhasaTibetan,Tibetan (Lhasa),utsa1239,Lhasa Tibetan,,Eurasia,,,Sino-Tibetan
suntb-WrittenTibetan,Tibetan (Written),clas1254,Classical Tibetan,xct,Eurasia,29.24,92.01,Sino-Tibetan
suntb-Trung,Trung [Dulong],drun1238,Drung,duu,Eurasia,27.749017,98.691868,Sino-Tibetan
suntb-MotuoTsangla,Tsangla (Motuo),tsha1245,Tshangla,tsj,Eurasia,27.3694,91.7741,Sino-Tibetan
suntb-MamaTshona,Tshona (Mama),dzal1238,Dzalakha,dzl,Eurasia,27.7855,91.374,Sino-Tibetan
suntb-Tujia,Tujia,tuji1244,Tujia,,,,,Sino-Tibetan
suntb-Xumi,Xumi,shix1238,Shixing,sxg,Eurasia,28.3895,100.4,Sino-Tibetan
suntb-DafangYi,Yi (Dafang),dafa1241,Dafang,,Eurasia,,,Sino-Tibetan
suntb-MileYi,Yi (Mile),axiy1235,Axi Yi,yix,Eurasia,27.16,105.61,Sino-Tibetan
suntb-MojiangYi,Yi (Mojiang),sout2723,Southern Nisu,nsd,Eurasia,24.41,103.43,Sino-Tibetan
suntb-NanhuaYi,Yi (Nanhua),nanh1240,Nanhua Lolopho,,Eurasia,23.43,101.69,Sino-Tibetan
suntb-NanjianYi,Yi (Nanjian),xish1235,Xishanba Lalo,ywt,Eurasia,25.19,101.27,Sino-Tibetan
suntb-XideYi,Yi (Xide),yish1238,Yishengzha Yi,,Eurasia,25.04,100.51,Sino-Tibetan
suntb-MaerkangrGyalrong,rGyalrong,maer1238,Maerkang,,Eurasia,28.33,102.42,Sino-Tibetan
wold-Swahili,Swahili,swah1253,Swahili,swh,Africa,-6.5,39,Atlantic-Congo
wold-Iraqw,Iraqw,iraq1241,Iraqw,irk,Africa,-4,35.5,Afro-Asiatic
wold-Gawwada,Gawwada,gaww1239,Ale-Gawwada,gwd,Africa,5.5,37.25,Afro-Asiatic
wold-Hausa,Hausa,haus1257,Hausa,hau,Africa,12,7,Afro-Asiatic
wold-TarifiytBerber,Tarifiyt Berber,tari1263,Tarifiyt-Beni-Iznasen-Eastern Middle Atlas Berber,rif,Africa,34.5,-4,Afro-Asiatic
wold-SeychellesCreole,Seychelles Creole,sese1246,Seselwa Creole French,crs,Africa,-4.75,55.5,Indo-European
wold-Romanian,Romanian,roma1327,Romanian,ron,Eurasia,46,25,Indo-European
wold-SeliceRomani,Selice Romani,west2376,West Slovakian Romani,,Eurasia,48.091,17.9609,Indo-European
wold-LowerSorbian,Lower Sorbian,lowe1385,Lower Sorbian,dsb,Eurasia,51.75,14.3333,Indo-European
wold-OldHighGerman,Old High German,oldh1241,Old High German (ca. 750-1050),goh,Eurasia,50.55,9.68333,Indo-European
wold-Dutch,Dutch,dutc1256,Dutch,nld,Eurasia,52.5,6,Indo-European
wold-English,English,stan1293,English,eng,Eurasia,52,0,Indo-European
wold-KildinSaami,Kildin Saami,kild1236,Kildin Saami,sjd,Eurasia,67,37,Uralic
wold-Manange,Manange,mana1288,Manange,nmm,Eurasia,28,84.25,Sino-Tibetan
wold-MandarinChinese,Mandarin Chinese,mand1415,Mandarin Chinese,cmn,Eurasia,34,110,Sino-Tibetan
wold-Thai,Thai,thai1261,Thai,tha,Eurasia,16,101,Tai-Kadai
wold-WhiteHmong,White Hmong,hmon1333,Hmong Daw,mww,Eurasia,26,105,Hmong-Mien
wold-Saramaccan,Saramaccan,sara1340,Saramaccan,srm,South America,4.5,-55.5,Indo-European
johanssonsoundsymbolic-Estonian,Estonian,esto1258,Estonian,ekk,Eurasia,58.55,25.82,Uralic
johanssonsoundsymbolic-Guarani,Guaraní,para1311,Paraguayan Guaraní,gug,South America,-25.60551,-57.08816,Tupian
johanssonsoundsymbolic-Manange,Manange,mana1288,Manange,nmm,Eurasia,28.6416,84.0515,Sino-Tibetan
johanssonsoundsymbolic-Muruihuitoto,Murui Huitoto,muru1274,Murui Huitoto,huu,South America,-1.13669,-73.8331,Huitotoan
johanssonsoundsymbolic-NorthernEmbera,Northern Emberá,nort2972,Northern Emberá,emp,South America,7.12761,-77.574,Chocoan
johanssonsoundsymbolic-Swahili,Swahili,swah1253,Swahili,swh,Africa,-8.25605,37.624,Atlantic-Congo
johanssonsoundsymbolic-Swedish,Swedish,swed1254,Swedish,swe,Eurasia,59.800634,17.389526,Indo-European
johanssonsoundsymbolic-Tarifit,Tarifit,tari1263,Tarifiyt-Beni-Iznasen-Eastern Middle Atlas Berber,rif,Africa,34.916974,-3.430616,Afro-Asiatic
johanssonsoundsymbolic-ThaiDialectKorat,Thai (Dialect Korat),thai1261,Thai,tha,Eurasia,14.192,100.671,Tai-Kadai
johanssonsoundsymbolic-Tuyuca,Tuyuca,tuyu1244,Tuyuca,tue,South America,0.39441,-70.043515,Tucanoan
johanssonsoundsymbolic-Wayuu,Wayuu,wayu1243,Wayuu,guc,South America,11.395566,-72.199791,Arawakan
johanssonsoundsymbolic-WhiteHmong,White Hmong,hmon1333,Hmong Daw,mww,Eurasia,21.5461,103.164,Hmong-Mien
marrisonnaga-Chang,Chang,chan1313,Chang Naga,nbc,Eurasia,26.2667,94.0833,Sino-Tibetan
marrisonnaga-Chokri,Chokri,chok1243,Chokri Naga,nri,Eurasia,25.6833,94.2667,Sino-Tibetan
marrisonnaga-ChungliAo,Ao Chungli,aona1235,Ao Naga,njo,Eurasia,26.3167,94.5167,Sino-Tibetan
marrisonnaga-Dimasa,Dimasa,dima1251,Dimasa,dis,Eurasia,25.42,93.18,Sino-Tibetan
marrisonnaga-Jingpho,Jingpho,jing1260,Jingpho,,,25.461826,97.329866,Sino-Tibetan
marrisonnaga-Kezhama,Kezhama,khez1235,Khezha Naga,nkh,Eurasia,25.5167,94.2,Sino-Tibetan
marrisonnaga-Khoirao,Khoirao,than1255,Thangal Naga,nki,Eurasia,25.2167,94.0333,Sino-Tibetan
marrisonnaga-KhonomaAngami,Angami Khonoma,khon1248,Khonoma,,Eurasia,25.65,94.0333,Sino-Tibetan
marrisonnaga-KohimaAngami,Angami Kohima,anga1288,Angami Naga,njm,Eurasia,25.55,94.1333,Sino-Tibetan
marrisonnaga-Konyak,Konyak,kony1246,Konyak,,,26.55,95.05,Sino-Tibetan
marrisonnaga-Liangmai,Liangmai,lian1251,Liangmai Naga,njn,Eurasia,25.3667,93.6333,Sino-Tibetan
marrisonnaga-Lotha,Lotha,loth1237,Lotha Naga,njh,Eurasia,26.1,94.2667,Sino-Tibetan
marrisonnaga-Lushai,Lushai,lush1249,Mizo,lus,Eurasia,22.60535,92.629457,Sino-Tibetan
marrisonnaga-Manipuri,Manipuri,mani1292,Manipuri,mni,Eurasia,24.44,93.34,Sino-Tibetan
marrisonnaga-Mao,Mao,maon1238,Mao Naga,nbi,Eurasia,25.4667,94.1167,Sino-Tibetan
marrisonnaga-Maram,Maram,mara1379,Maram Naga,nma,Eurasia,25.4333,94.15,Sino-Tibetan
marrisonnaga-Maring,Maring,mari1416,Maring Naga,nng,Eurasia,24.05,94.0333,Sino-Tibetan
marrisonnaga-Meluri,Meluri,poch1243,Pochuri Naga,npo,Eurasia,25.0667,94.6333,Sino-Tibetan
marrisonnaga-Mikir,Mikir,karb1241,Hills Karbi,mjw,Eurasia,25.735084,93.050494,Sino-Tibetan
marrisonnaga-MongsenAo,Ao Mongsen,mong1332,Mongsen,,Eurasia,26.4167,94.4,Sino-Tibetan
marrisonnaga-MoshangTangsa,Tangsa (Moshang),mosa1240,Muishaung,,Eurasia,27.0964,95.9001,Sino-Tibetan
marrisonnaga-Mzieme,Mzieme,mzie1235,Mzieme Naga,nme,Eurasia,25.5167,93.75,Sino-Tibetan
marrisonnaga-Nocte,Nocte,noct1238,Nocte Naga,njb,Eurasia,27.1167,95.4833,Sino-Tibetan
marrisonnaga-Nruanghmei,Nruanghmei,rong1266,Rongmei Naga,nbu,Eurasia,25.0,93.05,Sino-Tibetan
marrisonnaga-Ntenyi,Ntenyi,nort2725,Northern Rengma Naga,nnl,Eurasia,25.9833,94.0333,Sino-Tibetan
marrisonnaga-Phom,Phom,phom1236,Phom Naga,nph,Eurasia,26.6167,94.05,Sino-Tibetan
marrisonnaga-Puiron,Puiron,rong1266,Rongmei Naga,nbu,Eurasia,25.1,93.79,Sino-Tibetan
marrisonnaga-Rengma,Rengma,sout2732,Southern Rengma Naga,nre,Eurasia,25.0667,94.6333,Sino-Tibetan
marrisonnaga-Sangtam,Sangtam,sang1321,Sangtam Naga,nsa,Eurasia,25.0667,94.8667,Sino-Tibetan
marrisonnaga-Sema,Sema,sumi1235,Sumi Naga,nsm,Eurasia,25.85,94.2667,Sino-Tibetan
marrisonnaga-Tangkhul,Tangkhul,sino1246,Tangkhulic,,,25.1167,94.3667,Sino-Tibetan
marrisonnaga-Tengsa,Tengsa,teng1273,Tengsa,,Eurasia,26.95,95.0667,Sino-Tibetan
marrisonnaga-Wancho,Wancho,wanc1238,Wancho Naga,nnp,Eurasia,26.9667,95.8167,Sino-Tibetan
marrisonnaga-WrittenBurmese,Burmese (Written),oldb1235,Old Burmese,obr,Eurasia,21.624974,97.126742,Sino-Tibetan
marrisonnaga-WrittenTibetan,Tibetan (Written),clas1254,Classical Tibetan,xct,Eurasia,30.027852,91.158704,Sino-Tibetan
marrisonnaga-Yacham,Yacham,yach1235,Yacham,,Eurasia,26.6167,94.7833,Sino-Tibetan
marrisonnaga-YachamTengsa,Yacham-Tengsa,yach1234,Yacham-Tengsa,,Eurasia,,,Sino-Tibetan
marrisonnaga-Yimchungru,Yimchungrü,yimc1241,Yimchungru,,Eurasia,25.7167,94.9167,Sino-Tibetan
marrisonnaga-YogliTangsa,Tangsa (Yogli),yogl1238,Yoglei,,Eurasia,,,Sino-Tibetan
marrisonnaga-Zeme,Zeme,zeme1240,Zeme Naga,nzm,Eurasia,25.1833,93.2,Sino-Tibetan
